age,gender,height,weight,activity_level,goal,calories
25,male,175,70,moderate,maintenance,2200
30,female,160,60,low,weight_loss,1800
22,male,180,65,high,muscle_gain,2600
28,female,165,68,moderate,weight_loss,1900
35,male,170,80,low,weight_loss,1800
24,female,158,55,high,muscle_gain,2500
27,male,178,72,moderate,maintenance,2250
32,female,162,58,moderate,maintenance,2000
29,male,182,90,low,weight_loss,1700
23,female,155,50,high,muscle_gain,2600
31,male,176,78,moderate,maintenance,2300
26,female,168,62,moderate,maintenance,2100
34,male,180,85,low,weight_loss,1750
21,female,160,54,high,muscle_gain,2550
28,male,174,68,moderate,maintenance,2200
33,female,165,70,low,weight_loss,1850
24,male,177,66,high,muscle_gain,2700
30,female,158,55,moderate,maintenance,2000
27,male,172,75,low,weight_loss,1800
25,female,160,60,high,muscle_gain,2600
29,male,180,80,moderate,maintenance,2300
31,female,162,58,moderate,maintenance,2100
26,male,175,72,high,muscle_gain,2650
22,female,155,52,high,muscle_gain,2500
28,male,178,70,moderate,maintenance,2250
35,female,160,65,low,weight_loss,1850
24,male,180,68,moderate,maintenance,2200
30,female,165,60,moderate,maintenance,2050
27,male,172,77,low,weight_loss,1800
23,female,158,54,high,muscle_gain,2550
29,male,176,82,moderate,maintenance,2350
32,female,160,58,moderate,maintenance,2100
25,male,180,88,low,weight_loss,1750
26,female,162,55,high,muscle_gain,2600
28,male,175,70,moderate,maintenance,2200
30,female,165,63,moderate,maintenance,2050
24,male,178,72,high,muscle_gain,2650
33,female,160,60,low,weight_loss,1850
22,male,182,68,moderate,maintenance,2250
27,female,158,52,high,muscle_gain,2550
31,male,176,78,moderate,maintenance,2300
29,female,162,59,moderate,maintenance,2100
26,male,180,85,low,weight_loss,1750
25,female,160,55,high,muscle_gain,2600
28,male,175,73,moderate,maintenance,2250
30,female,165,61,moderate,maintenance,2050
24,male,178,70,high,muscle_gain,2650
32,female,160,58,moderate,maintenance,2100
27,male,172,76,low,weight_loss,1800
