name,calories,protein,carbs,fats
Oats,150,5,27,3
Grilled Chicken,200,30,0,5
Salad,120,2,10,7
Quinoa,110,4,20,2
Paneer,250,18,6,15
Apple,95,0.5,25,0.3
Egg,78,6,1,5
Brown Rice,216,5,44,2
Spinach,23,3,4,0.4
Salmon,208,20,0,13
Almonds,160,6,6,14
Banana,105,1,27,0.3
Greek Yogurt,100,10,4,0
Broccoli,55,4,11,0.5
Sweet Potato,103,2,24,0.2
Turkey Breast,135,30,0,1
Chickpeas,120,6,20,2
Lentils,116,9,20,0.4
Tofu,144,15,4,9
Blueberries,85,1,21,0.5
Strawberries,50,1,12,0.3
Cottage Cheese,206,28,6,10
Avocado,160,2,9,15
Peanut Butter,190,8,7,16
Walnuts,185,4,4,18
Carrots,41,1,10,0.2
Beef Steak,271,25,0,19
Cod Fish,105,23,0,1
Pasta,131,5,25,1
Milk,103,8,12,2.5
Cheddar Cheese,113,7,0.4,9
Green Beans,31,2,7,0.2
Tomatoes,22,1,5,0.2
Cucumber,16,0.7,4,0.1
Eggplant,25,1,6,0.2
Zucchini,17,1,3,0.1
Shrimp,99,24,0,1
Tuna,132,28,0,1
Sardines,208,25,0,11
Brown Bread,80,3,15,1
Omelette,154,11,2,11
Pineapple,50,0.5,13,0.1
Mango,99,1,25,0.3
Oranges,62,1,15,0.2
Kiwi,42,1,10,0.2
Raspberries,52,1,12,0.7
Black Beans,132,8,23,0.5
Kidney Beans,127,9,22,0.4
Cauliflower,25,2,5,0.3
Bell Pepper,31,1,6,0.2
