[
    {
        "question": "What is BMI?",
        "answer": "BMI stands for Body Mass Index and is calculated using your weight and height."
    },
    {
        "question": "How many calories should I eat?",
        "answer": "The recommended calorie intake depends on your age, gender, activity level, and health goals."
    },
    {
        "question": "How often should I exercise?",
        "answer": "It is recommended to exercise at least 150 minutes per week for general health."
    },
    {
        "question": "What is a healthy diet?",
        "answer": "A healthy diet includes balanced portions of protein, carbs, fats, vitamins, and minerals."
    },
    {
         "question": "Hello",
         "answer": "Hello"
    },
    {
         "question": "Hi",
         "answer": "Hi"
    },
    {
         "question": "Hii",
         "answer": "Hi"
    },
    {
         "question": "Good morning",
         "answer": "Good Morning"
    },
    {
         "question": "Gm",
         "answer": "Good Morning"
    },
    {
         "question": "GM",
         "answer": "Good Morning"
    },
    {
         "question": "Good evening",
         "answer": "Good Evening"
    },
    {
         "question": "Ge",
         "answer": "Good Evening"
    },
    {
         "question": "GE",
         "answer": "Good Evening"
    },
    {
         "question": "Good afternoon",
         "answer": "Good Afternoon"
    },
    {
         "question": "Hlo",
         "answer": "Hello"
    },
    {
          "question": "Wt is BMI",
          "answer": "BMI stands for Body Mass Index and is calculated using your weight and height."
    },
    {
          "question": "BMI",
          "answer": "BMI stands for Body Mass Index and is calculated using your weight and height."
    },
    {
          "question": "What is BMI",
          "answer": "BMI stands for Body Mass Index and is calculated using your weight and height."
    },
    {
        "question": "How many calories should i eat",
        "answer": "The recommended calorie intake depends on your age, gender, activity level, and health goals."
    },
    {
        "question": "Hw mny calories shud i eat",
        "answer": "The recommended calorie intake depends on your age, gender, activity level, and health goals."
    },
    {
        "question": "How often should i exercise",
        "answer": "It is recommended to exercise at least 150 minutes per week for general health."
    },
    {
        "question": "Hw often shud i exercise",
        "answer": "It is recommended to exercise at least 150 minutes per week for general health."
    },  
    {
        "question": "What is a healthy diet",
        "answer": "A healthy diet includes balanced portions of protein, carbs, fats, vitamins, and minerals."
    },
    {
        "question": "Wt is a healthy diet",
        "answer": "A healthy diet includes balanced portions of protein, carbs, fats, vitamins, and minerals."
    }



]
